timestamp,open,high,low,close,volume
2026-02-12 00:00:00+00:00,97000.0,97099.1278317076,96987.04622923798,97096.36254568418,178.00932022121827
2026-02-12 00:01:00+00:00,97096.36254568418,97397.70468973959,97076.15223998805,97392.12386389558,454.03628889802275
2026-02-12 00:02:00+00:00,97392.12386389558,97402.9750647673,97291.40929494752,97300.67764880377,252.12112147976887
2026-02-12 00:03:00+00:00,97300.67764880377,97352.92862905764,97191.03861390865,97210.04600755658,245.61457009902097
2026-02-12 00:04:00+00:00,97210.04600755658,97216.33095420849,96994.97080643497,97013.13128794539,328.03499210851794
2026-02-12 00:05:00+00:00,97013.13128794539,97025.72078716388,96727.15286981495,96739.1072791532,357.1172192068058
2026-02-12 00:06:00+00:00,96739.1072791532,96741.3257309474,96610.76121002725,96633.7810815757,132.52579649263976
2026-02-12 00:07:00+00:00,96633.7810815757,96718.39639869302,96614.83228515477,96706.3913216909,148.83605700319194
2026-02-12 00:08:00+00:00,96706.3913216909,96743.43688538107,96589.74362698992,96590.01357148468,117.1942605576092
2026-02-12 00:09:00+00:00,96590.01357148468,96594.60258056132,96377.89796725444,96385.68494551956,431.261142176991
2026-02-12 00:10:00+00:00,96385.68494551956,96465.14126932659,96359.1212245416,96425.94786684899,584.7923138822794
2026-02-12 00:11:00+00:00,96425.94786684899,96468.2856957039,96408.31264607002,96463.91292938283,560.9371175115584
2026-02-12 00:12:00+00:00,96463.91292938283,96469.93500329461,96412.03071789003,96441.60115769737,514.3687545759647
2026-02-12 00:13:00+00:00,96441.60115769737,96468.5347196446,96285.14347629306,96302.755301614,371.34804157912424
2026-02-12 00:14:00+00:00,96302.755301614,96372.87730562592,96289.21686160789,96365.1756600176,102.7610585618012
2026-02-12 00:15:00+00:00,96365.1756600176,96494.7067019543,96347.42069082573,96483.06424606004,464.50358402049363
2026-02-12 00:16:00+00:00,96483.06424606004,96489.24849357706,96314.49842101295,96321.12368964101,265.4490124263246
2026-02-12 00:17:00+00:00,96321.12368964101,96512.60953777519,96312.91602346729,96509.05489534978,262.5916610133735
2026-02-12 00:18:00+00:00,96509.05489534978,96693.01189431586,96507.61469291817,96665.88709374444,159.79712296915085
2026-02-12 00:19:00+00:00,96665.88709374444,96879.36116002453,96649.97518446653,96859.90188934942,380.6385987847481
2026-02-12 00:20:00+00:00,96859.90188934942,96891.1947624657,96800.56677400108,96852.96167608288,112.7095633720476
2026-02-12 00:21:00+00:00,96852.96167608288,97040.54406877016,96832.11184373609,97012.16905959834,354.2853455823514
2026-02-12 00:22:00+00:00,97012.16905959834,97019.31131102858,96939.98948606243,96969.54736695727,214.39908274581123
2026-02-12 00:23:00+00:00,96969.54736695727,96973.7905953915,96860.49713411693,96869.03450999773,180.61064362700222
2026-02-12 00:24:00+00:00,96869.03450999773,97052.95777085132,96858.43930592238,97046.38274865813,546.2794992449889
2026-02-12 00:25:00+00:00,97046.38274865813,97173.44148686179,97042.87168277903,97146.0042441908,548.0456499617467
2026-02-12 00:26:00+00:00,97146.0042441908,97152.55748712276,97001.75877545326,97009.6009385159,509.00738296124655
2026-02-12 00:27:00+00:00,97009.6009385159,97062.70445946716,96718.74057746642,96725.6509363442,211.0539052353651
2026-02-12 00:28:00+00:00,96725.6509363442,96741.69648172864,96656.1266527181,96659.35236695143,359.395310871683
2026-02-12 00:29:00+00:00,96659.35236695143,96756.32409140677,96631.27319217824,96737.46295523742,585.8910413604804
2026-02-12 00:30:00+00:00,96737.46295523742,96737.9932327464,96365.02423231947,96366.22883651829,125.73937562499468
2026-02-12 00:31:00+00:00,96366.22883651829,96850.53062468997,96361.04826362351,96840.9755427013,219.78094533348622
2026-02-12 00:32:00+00:00,96840.9755427013,96864.34910345369,96811.39604312886,96834.25249941916,218.8187719961998
2026-02-12 00:33:00+00:00,96834.25249941916,96995.91480258584,96806.57218504051,96979.87824571885,416.15291529678973
2026-02-12 00:34:00+00:00,96979.87824571885,97137.51401724383,96960.06751921623,97093.70490472762,120.38757077738197
2026-02-12 00:35:00+00:00,97093.70490472762,97127.83700380119,96966.26522712239,96983.7370154351,108.29391446392808
2026-02-12 00:36:00+00:00,96983.7370154351,96985.10827493122,96661.71267236464,96682.95874663915,445.46886905123296
2026-02-12 00:37:00+00:00,96682.95874663915,96786.94634582603,96679.73999910189,96774.5353815068,168.7604720729966
2026-02-12 00:38:00+00:00,96774.5353815068,96780.9766118309,96606.66709025565,96622.93743460304,508.6111001006079
2026-02-12 00:39:00+00:00,96622.93743460304,96650.21516509139,96334.29472860308,96385.07798292847,220.92614545022585
2026-02-12 00:40:00+00:00,96385.07798292847,96450.81208714412,96360.33896871092,96435.17562970858,462.9778394351197
2026-02-12 00:41:00+00:00,96435.17562970858,96447.5284466188,96156.1572829806,96180.4986989202,142.06998249752442
2026-02-12 00:42:00+00:00,96180.4986989202,96251.16144055432,96143.1832086973,96236.87441219379,425.9806297513003
2026-02-12 00:43:00+00:00,96236.87441219379,96342.7648320957,96217.78446695456,96328.07481079809,218.62454374840001
2026-02-12 00:44:00+00:00,96328.07481079809,96567.69902038529,96308.80728821321,96551.28537401826,428.80644615017167
2026-02-12 00:45:00+00:00,96551.28537401826,96648.34725396505,96548.3681369697,96630.99443216546,283.85790152971674
2026-02-12 00:46:00+00:00,96630.99443216546,96647.31063786476,96457.54307018423,96459.08510437251,546.0232775885567
2026-02-12 00:47:00+00:00,96459.08510437251,96549.08715853098,96448.32590429868,96524.89951911724,351.31854655259605
2026-02-12 00:48:00+00:00,96524.89951911724,96579.30290244904,96461.29422369126,96473.80757064656,240.3861812204279
2026-02-12 00:49:00+00:00,96473.80757064656,96474.64717193595,96305.67562799374,96308.4210643357,188.55533970352445
2026-02-12 00:50:00+00:00,96308.4210643357,96322.70107421753,96255.91361580147,96265.37836829295,581.8099885446264
2026-02-12 00:51:00+00:00,96265.37836829295,96274.42761293985,96235.81556672875,96251.35656262682,292.54886430096263
2026-02-12 00:52:00+00:00,96251.35656262682,96268.4845385133,96161.11934802032,96165.40122290293,568.0773870803905
2026-02-12 00:53:00+00:00,96165.40122290293,96178.00272167496,95890.54853450933,95925.8072839554,148.58824688538425
2026-02-12 00:54:00+00:00,95925.8072839554,95959.83412652778,95918.65153674842,95936.97472057118,448.507870497634
2026-02-12 00:55:00+00:00,95936.97472057118,96063.75482435946,95909.33462848773,96044.57466243092,246.7959221322467
2026-02-12 00:56:00+00:00,96044.57466243092,96153.78306779958,96034.2737087048,96143.50734878134,499.1475894833876
2026-02-12 00:57:00+00:00,96143.50734878134,96910.95521211006,96123.74329657125,96884.33758555062,497.8963347180505
2026-02-12 00:58:00+00:00,96884.33758555062,96899.51696996049,96807.7917774037,96823.24828169445,389.14007049808697
2026-02-12 00:59:00+00:00,96823.24828169445,96824.04100453525,96766.69593334124,96777.38918817823,371.3223173537883
2026-02-12 01:00:00+00:00,96777.38918817823,96942.47244465849,96767.95055086244,96910.2181272347,163.5302563259424
2026-02-12 01:01:00+00:00,96910.2181272347,97152.48660982112,96907.64710723328,97121.27900699846,207.91051374842158
2026-02-12 01:02:00+00:00,97121.27900699846,97125.6081787901,96978.49928736758,96979.41072416566,370.31756080505323
2026-02-12 01:03:00+00:00,96979.41072416566,97006.6794339847,96836.45176913662,96853.02708868872,587.9260397312673
2026-02-12 01:04:00+00:00,96853.02708868872,96856.7561749841,96447.50897978534,96460.74470908071,319.48571035281805
2026-02-12 01:05:00+00:00,96460.74470908071,96640.63379921443,96427.51867446855,96625.19741765929,186.64716003542287
2026-02-12 01:06:00+00:00,96625.19741765929,96638.26400231077,96498.10496394664,96533.41404875225,430.0986883588656
2026-02-12 01:07:00+00:00,96533.41404875225,96619.1485084342,96500.38702902266,96611.60258312499,405.8603731171761
2026-02-12 01:08:00+00:00,96611.60258312499,96621.28726458231,96292.68682548628,96318.02504847001,107.19674431487793
2026-02-12 01:09:00+00:00,96318.02504847001,96322.77288769414,96144.26228422954,96181.70239783899,148.91708032550073
2026-02-12 01:10:00+00:00,96181.70239783899,96202.19015066567,95553.14981342241,95558.20117645027,299.2523671986867
2026-02-12 01:11:00+00:00,95558.20117645027,95589.06252948745,95293.26406765367,95319.72934379669,122.65200488602225
2026-02-12 01:12:00+00:00,95319.72934379669,95623.21014646873,95296.4660687536,95594.49290344513,429.3468158094725
2026-02-12 01:13:00+00:00,95594.49290344513,95600.4985025198,95593.27497130279,95596.44935200317,392.88779063673167
2026-02-12 01:14:00+00:00,95596.44935200317,95631.39567578536,95564.72901568026,95618.15306229494,329.1264452457583
2026-02-12 01:15:00+00:00,95618.15306229494,95631.89003255026,95380.01835032273,95381.43779863552,293.0513189003871
2026-02-12 01:16:00+00:00,95381.43779863552,95447.49460574052,95377.27535362839,95435.0406153441,522.4376554847272
2026-02-12 01:17:00+00:00,95435.0406153441,95447.48535864223,95333.83171408065,95340.94148689897,448.3685826820753
2026-02-12 01:18:00+00:00,95340.94148689897,95518.62487548709,95324.68424452218,95512.47888506956,241.01728628565326
2026-02-12 01:19:00+00:00,95512.47888506956,95643.78844821818,95498.276325911,95632.75370800888,503.417369633632
2026-02-12 01:20:00+00:00,95632.75370800888,95635.10025567506,95603.20265611775,95628.75595403352,270.40177012650895
2026-02-12 01:21:00+00:00,95628.75595403352,95659.8131495503,95506.8231245793,95515.61348208878,477.2714370423412
2026-02-12 01:22:00+00:00,95515.61348208878,95765.42077722786,95501.97442266288,95765.0007003952,294.60083936708156
2026-02-12 01:23:00+00:00,95765.0007003952,95770.42150964098,95693.31341441207,95705.57530807024,575.0309835254025
2026-02-12 01:24:00+00:00,95705.57530807024,95736.04455784336,95689.21089440557,95724.14141733461,246.60538584903227
2026-02-12 01:25:00+00:00,95724.14141733461,96148.82382672529,95700.20820795035,96124.72536828971,476.18726471884
2026-02-12 01:26:00+00:00,96124.72536828971,96257.27897049708,96124.48043283277,96244.7120603118,128.77938000832214
2026-02-12 01:27:00+00:00,96244.7120603118,96286.51241528441,96036.59145272343,96072.00008305477,543.8520913791499
2026-02-12 01:28:00+00:00,96072.00008305477,96078.42779988782,95905.12712045162,95913.38574953713,409.1090316581305
2026-02-12 01:29:00+00:00,95913.38574953713,95922.05181767518,95801.17183400744,95805.248288558,510.9300296451781
2026-02-12 01:30:00+00:00,95805.248288558,95809.88928730515,95686.03071808167,95714.99240491162,506.39978362875127
2026-02-12 01:31:00+00:00,95714.99240491162,95728.2769537777,95418.35940863738,95445.56163596234,141.7503583493344
2026-02-12 01:32:00+00:00,95445.56163596234,95534.41825473208,95428.4084434983,95504.91113039308,155.59874115307568
2026-02-12 01:33:00+00:00,95504.91113039308,95510.95761523461,95474.2700436323,95474.36130021211,334.33032099706315
2026-02-12 01:34:00+00:00,95474.36130021211,95552.52861593915,95463.9743699273,95535.9839970681,581.086274237271
2026-02-12 01:35:00+00:00,95535.9839970681,95857.75963704613,95519.10125879775,95828.84743759669,534.2995640947302
2026-02-12 01:36:00+00:00,95828.84743759669,95872.04833411497,95826.89391562571,95871.79648609934,584.6512678095495
2026-02-12 01:37:00+00:00,95871.79648609934,95917.31171205068,95715.45227903922,95723.57681274023,447.8743444923086
2026-02-12 01:38:00+00:00,95723.57681274023,96151.14441672488,95706.13040000582,96135.79746546713,122.72319017072894
2026-02-12 01:39:00+00:00,96135.79746546713,96173.26756404086,96116.27128293751,96171.04892532827,410.06629890076834
2026-02-12 01:40:00+00:00,96171.04892532827,96183.03677823715,95967.057150106,96009.5350645922,391.82805592543605
2026-02-12 01:41:00+00:00,96009.5350645922,96047.78919493349,95901.33054503721,95908.58007421331,506.89750985347433
2026-02-12 01:42:00+00:00,95908.58007421331,95918.41845764345,95709.84405917917,95736.24872331959,566.3642416770067
2026-02-12 01:43:00+00:00,95736.24872331959,96088.39492950408,95730.60429953985,96086.92270718825,505.27666539091643
2026-02-12 01:44:00+00:00,96086.92270718825,96114.00015467155,95755.41226011564,95757.7030570207,307.4097511688326
2026-02-12 01:45:00+00:00,95757.7030570207,95996.93652398467,95756.59335785474,95994.7639507029,532.3611881275266
2026-02-12 01:46:00+00:00,95994.7639507029,95996.71029801155,95985.76264127331,95995.77068613625,325.2720676550467
2026-02-12 01:47:00+00:00,95995.77068613625,96142.72440700211,95985.06084993675,96115.35260469127,435.85034220292835
2026-02-12 01:48:00+00:00,96115.35260469127,96140.90614112925,95813.80247553946,95820.44875577906,360.15385045189663
2026-02-12 01:49:00+00:00,95820.44875577906,95822.74598514334,95645.98286704338,95677.00812413804,526.0907501592701
2026-02-12 01:50:00+00:00,95677.00812413804,96106.44733288838,95672.02884116846,96071.3405160395,167.00761422532037
2026-02-12 01:51:00+00:00,96071.3405160395,96287.80166684644,96053.7840126699,96258.02076336875,206.48208075445535
2026-02-12 01:52:00+00:00,96258.02076336875,96496.95924556047,96234.35559311544,96461.784455832,552.0793472468742
2026-02-12 01:53:00+00:00,96461.784455832,96465.78714421547,96024.95118969641,96068.36850625902,491.82650637057156
2026-02-12 01:54:00+00:00,96068.36850625902,96408.88741219723,96034.30085747191,96381.28538303294,329.5678781191307
2026-02-12 01:55:00+00:00,96381.28538303294,96381.40936582642,96362.51547925177,96370.57786579349,264.37580514375406
2026-02-12 01:56:00+00:00,96370.57786579349,96383.97131677008,96111.82094172764,96119.15290664957,190.94004219957242
2026-02-12 01:57:00+00:00,96119.15290664957,96134.10026728181,95932.65816269722,95938.47200885783,336.9808201314362
2026-02-12 01:58:00+00:00,95938.47200885783,95948.55293916819,95738.72875508084,95749.3339074483,188.5052421383734
2026-02-12 01:59:00+00:00,95749.3339074483,95778.01568483295,95593.66915984516,95597.49981632343,282.1349305240377
2026-02-12 02:00:00+00:00,95597.49981632343,95973.85070842905,95583.50530616357,95973.14543738961,536.7893120533886
2026-02-12 02:01:00+00:00,95973.14543738961,96031.24517286877,95960.7381629389,96014.21808757677,474.1298451918292
2026-02-12 02:02:00+00:00,96014.21808757677,96025.73445238966,95906.84574786895,95912.34678181198,409.127385765148
2026-02-12 02:03:00+00:00,95912.34678181198,95924.87726546575,95426.93885865412,95470.78145977895,473.7354690668783
2026-02-12 02:04:00+00:00,95470.78145977895,95587.09515050786,95409.20384360985,95580.87014741698,153.58600566988804
2026-02-12 02:05:00+00:00,95580.87014741698,95825.3657840811,95531.73520627971,95794.89003587724,221.23525181736483
2026-02-12 02:06:00+00:00,95794.89003587724,95823.3351100692,95637.04950524625,95649.9809629311,159.8810659096256
2026-02-12 02:07:00+00:00,95649.9809629311,95654.34541758173,95424.86958857127,95443.08087101868,439.5511595722448
2026-02-12 02:08:00+00:00,95443.08087101868,95472.67975379649,95440.01163796586,95441.55900411881,393.42055901043955
2026-02-12 02:09:00+00:00,95441.55900411881,95450.36909529628,95245.51362661876,95277.15439027804,163.79015139778187
2026-02-12 02:10:00+00:00,95277.15439027804,95304.81038489733,95091.77800829803,95110.30155924866,278.0483629489231
2026-02-12 02:11:00+00:00,95110.30155924866,95474.06576283571,95107.75424967792,95473.51194420339,218.61339586799724
2026-02-12 02:12:00+00:00,95473.51194420339,95483.25445187869,95337.42580352968,95349.27368201446,186.68679764737743
2026-02-12 02:13:00+00:00,95349.27368201446,95399.3288724477,95170.8190532695,95184.5118973006,591.1893084543033
2026-02-12 02:14:00+00:00,95184.5118973006,95202.66317054143,95127.48816426964,95139.02359088101,185.44379369503292
2026-02-12 02:15:00+00:00,95139.02359088101,95293.32429038199,95134.87352117783,95282.75795818938,378.3814465069649
2026-02-12 02:16:00+00:00,95282.75795818938,95293.62516203697,94951.37440434005,94964.62687951897,261.83961820212187
2026-02-12 02:17:00+00:00,94964.62687951897,95078.59540583652,94909.80778262978,95073.00025884078,221.20486620754014
2026-02-12 02:18:00+00:00,95073.00025884078,95140.47178628965,95060.22840966523,95122.38545378756,177.18135763710114
2026-02-12 02:19:00+00:00,95122.38545378756,95178.06100225734,94774.06983798376,94806.28995018287,125.91176841121346
2026-02-12 02:20:00+00:00,94806.28995018287,94813.98106106746,94623.01889602633,94643.14475221062,227.32032738188192
2026-02-12 02:21:00+00:00,94643.14475221062,94665.27133430718,94518.51426779729,94533.94703078331,397.81937030392214
2026-02-12 02:22:00+00:00,94533.94703078331,94549.88493589273,94055.09696773178,94066.6384102754,515.3097038938646
2026-02-12 02:23:00+00:00,94066.6384102754,94070.0329959632,94026.65093807293,94028.43881645583,190.61653308283007
2026-02-12 02:24:00+00:00,94028.43881645583,94047.83616623073,94005.08317522264,94044.72262152289,169.88618831314474
2026-02-12 02:25:00+00:00,94044.72262152289,94104.46681785215,94032.95605115367,94092.57649679767,181.82797143285225
2026-02-12 02:26:00+00:00,94092.57649679767,94175.2262231762,94086.78099965975,94166.8065335598,279.41524206175126
2026-02-12 02:27:00+00:00,94166.8065335598,94563.07833090462,94147.85419480657,94557.67426453107,508.2997197357885
2026-02-12 02:28:00+00:00,94557.67426453107,94577.83599074942,94134.81779429475,94172.23363271527,473.80469008812554
2026-02-12 02:29:00+00:00,94172.23363271527,94203.83867145014,94105.70694445401,94106.0280128269,549.7872866372843
2026-02-12 02:30:00+00:00,94106.0280128269,94306.35484872074,94101.31572166472,94262.13214254059,158.44902035418204
2026-02-12 02:31:00+00:00,94262.13214254059,94410.7628236835,94250.7534090512,94407.4589360811,267.45280732854303
2026-02-12 02:32:00+00:00,94407.4589360811,94479.67786574019,94394.80329875897,94471.37210746217,546.9462915254788
2026-02-12 02:33:00+00:00,94471.37210746217,94910.15094776338,94463.29569628858,94900.40304728496,255.86103389777412
2026-02-12 02:34:00+00:00,94900.40304728496,95075.12313111241,94898.97172254056,95058.00145459424,481.22934287034525
2026-02-12 02:35:00+00:00,95058.00145459424,95064.9519892697,94950.60835636375,94967.19113005545,510.62865233600644
2026-02-12 02:36:00+00:00,94967.19113005545,94986.7664043711,94907.0467357315,94915.93260093303,214.62569761632074
2026-02-12 02:37:00+00:00,94915.93260093303,95006.83326364362,94896.46145198263,94987.55625726932,420.57381644264865
2026-02-12 02:38:00+00:00,94987.55625726932,95103.63451577783,94972.08047328725,95066.09859952667,190.79885840071285
2026-02-12 02:39:00+00:00,95066.09859952667,95069.51048359828,94812.73835806493,94829.44966603193,300.42570838181996
2026-02-12 02:40:00+00:00,94829.44966603193,94954.66762959494,94823.85029350553,94953.55593617674,352.944339442233
2026-02-12 02:41:00+00:00,94953.55593617674,94957.61286057014,94738.87925306134,94739.81756176034,536.0619544720757
2026-02-12 02:42:00+00:00,94739.81756176034,94775.06098000446,94730.1973771256,94760.5456475265,453.6193171566993
2026-02-12 02:43:00+00:00,94760.5456475265,94807.98127078287,94737.75055896337,94802.9763921314,403.35752319142796
2026-02-12 02:44:00+00:00,94802.9763921314,95115.27837396714,94783.18429572623,95105.05406043852,592.4205994811673
2026-02-12 02:45:00+00:00,95105.05406043852,95155.82788247327,95070.64906342402,95081.12811676618,299.50135193506514
2026-02-12 02:46:00+00:00,95081.12811676618,95089.66573816513,95030.83889076447,95051.08097826967,368.6978014689614
2026-02-12 02:47:00+00:00,95051.08097826967,95055.6785696986,94723.92634695017,94736.48914721979,273.47660094811386
2026-02-12 02:48:00+00:00,94736.48914721979,94769.86957772558,94667.67519315232,94672.86702017959,170.42851018989992
2026-02-12 02:49:00+00:00,94672.86702017959,94673.00008927222,94361.87041344981,94388.25331435385,309.46272475227397
2026-02-12 02:50:00+00:00,94388.25331435385,94402.17744165011,94307.6791785822,94344.65830048111,106.54722829416681
2026-02-12 02:51:00+00:00,94344.65830048111,94577.57292942394,94334.32491430815,94557.22908601303,580.5351587347276
2026-02-12 02:52:00+00:00,94557.22908601303,94579.35960418786,94454.91115092517,94506.37834699017,133.53823869421373
2026-02-12 02:53:00+00:00,94506.37834699017,94533.22226055503,94492.89273761523,94517.57138645035,549.0271447203569
2026-02-12 02:54:00+00:00,94517.57138645035,94528.50856527516,94408.47404167203,94409.12910707635,382.4205666313082
2026-02-12 02:55:00+00:00,94409.12910707635,94436.90075245716,94253.33356117946,94306.52058832045,320.38137346911407
2026-02-12 02:56:00+00:00,94306.52058832045,94583.01631069076,94299.66683643885,94541.5485060426,530.8928105067587
2026-02-12 02:57:00+00:00,94541.5485060426,94544.54606537784,94460.76002152463,94471.31531674326,235.37233657177688
2026-02-12 02:58:00+00:00,94471.31531674326,94506.36072561174,94242.76662712,94261.48019498294,113.54799625174175
2026-02-12 02:59:00+00:00,94261.48019498294,94515.28692785937,94246.91389198399,94501.19752579018,435.9463717993642
2026-02-12 03:00:00+00:00,94501.19752579018,94510.98501701474,94283.1181855066,94307.56074168443,149.72069637967257
2026-02-12 03:01:00+00:00,94307.56074168443,94364.01274462964,94288.75246619307,94347.73546646717,527.8482340531428
2026-02-12 03:02:00+00:00,94347.73546646717,94370.92206253446,94163.65378379861,94185.27505035061,246.57386513050662
2026-02-12 03:03:00+00:00,94185.27505035061,94240.50948784832,94149.98131166535,94207.11390440696,546.3358555384874
2026-02-12 03:04:00+00:00,94207.11390440696,94228.0940889237,94000.3314624227,94014.41833623356,395.1474712574039
2026-02-12 03:05:00+00:00,94014.41833623356,94029.54536761931,93627.31209193706,93655.57257884389,304.7058260956202
2026-02-12 03:06:00+00:00,93655.57257884389,93689.50170620969,93167.72807539284,93171.94842473688,481.80289707988044
2026-02-12 03:07:00+00:00,93171.94842473688,93191.38487854034,93060.13541315706,93060.75457816978,499.9276279736576
2026-02-12 03:08:00+00:00,93060.75457816978,93061.8934906442,92893.86173452885,92900.0177699067,416.73910991307366
2026-02-12 03:09:00+00:00,92900.0177699067,92912.47485996873,92481.00554332194,92489.36840400212,517.4651183996496
2026-02-12 03:10:00+00:00,92489.36840400212,92496.32003810935,92389.49372764477,92400.28892125096,109.19533827373337
2026-02-12 03:11:00+00:00,92400.28892125096,92432.88078097049,92153.02019623162,92164.05746933781,377.0890012578967
2026-02-12 03:12:00+00:00,92164.05746933781,92271.0476801235,92158.93687465154,92261.59573047524,400.2584302168267
2026-02-12 03:13:00+00:00,92261.59573047524,92370.73856915355,92251.3898026836,92350.66341132228,557.2059729624799
2026-02-12 03:14:00+00:00,92350.66341132228,92376.25495065699,91905.80446331647,91918.30083487039,183.1416843780397
2026-02-12 03:15:00+00:00,91918.30083487039,91925.26109659632,91827.20785678235,91831.17902404028,401.5760547331941
2026-02-12 03:16:00+00:00,91831.17902404028,91859.31224597724,91608.57037840814,91627.03504333035,459.52295259212275
2026-02-12 03:17:00+00:00,91627.03504333035,91638.51438251439,91252.63482847616,91287.70630283434,338.0252010995498
2026-02-12 03:18:00+00:00,91287.70630283434,91291.40302530823,90996.67602832221,91013.84318392584,115.59156753064234
2026-02-12 03:19:00+00:00,91013.84318392584,91390.04989394818,90983.45958426612,91377.89855666154,125.71290674212517
